{
"atom_dft": {
  "C": -0.05438704,
  "H": -0.01752033,
  "O": -0.05248870,
  "Pt":-0.16537959
 },
"atom_dftb": {
  "C": -38.1043,
  "H": -6.5106,
  "O": -84.0289,
  "Pt":-61.5227
 }
}
